https://data.mendeley.com/datasets/vfszbj9b36/1,safe
https://data.mendeley.com/datasets/vfszbj9b36/1,safe
https://data.mendeley.com/datasets/vfszbj9b36/1,safe
https://data.mendeley.com/datasets/vfszbj9b36/1,safe
https://data.mendeley.com/datasets/vfszbj9b36/1,safe
https://data.mendeley.com/datasets/vfszbj9b36/1,safe
https://data.mendeley.com/datasets/vfszbj9b36/1,safe
https://data.mendeley.com/datasets/vfszbj9b36/1,safe
https://data.mendeley.com/datasets/vfszbj9b36/1,safe
https://data.mendeley.com/datasets/vfszbj9b36/1,safe
https://data.mendeley.com/datasets/vfszbj9b36/1,phishing
https://data.mendeley.com/datasets/vfszbj9b36/1,phishing
https://data.mendeley.com/datasets/vfszbj9b36/1,phishing
https://data.mendeley.com/datasets/vfszbj9b36/1,phishing
https://data.mendeley.com/datasets/vfszbj9b36/1,phishing
https://data.mendeley.com/datasets/vfszbj9b36/1,safe
https://data.mendeley.com/datasets/vfszbj9b36/1,safe
https://data.mendeley.com/datasets/vfszbj9b36/1,safe
https://data.mendeley.com/datasets/vfszbj9b36/1,safe
https://data.mendeley.com/datasets/vfszbj9b36/1,safe
